LinkingDomain-0.396525080172068,my domain
LinkingDomain-0.999882068292985,my domain
LinkingDomain-0.521230339903108,my domain
LinkingDomain-0.748421114436209,my domain
LinkingDomain-0.592454499257353,my domain
LinkingDomain-0.931692675260561,my domain
LinkingDomain-0.491036898058021,my domain
LinkingDomain-0.285874334572495,my domain
LinkingDomain-0.0497926338867644,my domain
LinkingDomain-0.672018925818577,my domain
